name,length,total_intensity,max_den,recoil_angle,int_mean,int_skew,int_kurt,int_std
1.003keV_0.000_0.000_C_0.691cm_9257_ito.npy,124.17060843855116,-31.18353271484375,0.5152300141536532,86.54658004826909,-1.3020264490806814,-0.07342274708932159,-1.4597960039220734,96.73740517690179
1.012keV_0.000_0.000_C_2.067cm_3354_ito.npy,59.12886116121484,-250.46710205078125,0.47964860681437416,88.0424676483156,6.686366579134694,0.9407594097358433,0.3856217080500026,167.40027076783548
1.017keV_0.000_0.000_C_1.263cm_7075_ito.npy,147.82215290303716,-12.573974609375,0.598978306446117,88.89211392184978,-1.989183281092563,0.42827815685599824,-0.7149671768719994,121.15464108403295
1.035keV_0.000_0.000_C_0.699cm_2211_ito.npy,135.99638067079422,260.00024414062494,0.4785896736852915,88.16049820388538,16.512244655837943,0.7854346914070174,0.19969068889970298,112.97329945508238
1.049keV_0.000_0.000_C_0.614cm_2184_ito.npy,130.08349455467268,278.0814208984375,0.5948034532605352,89.84700362941838,13.549457054580591,-0.8412916064900012,-0.37908199175444235,109.77992756643826
1.055keV_0.000_0.000_C_1.534cm_887_ito.npy,106.4319500901867,-534.1252441406252,0.6918552471507089,88.94546958490277,-24.40825680441207,-0.2670725164189792,-0.03149156166680278,131.89589056011002
1.085keV_0.000_0.000_C_0.781cm_3332_ito.npy,147.82215290303714,610.4011840820314,0.5452964301302368,89.34490944297583,44.52534232420235,-0.8347845756896435,-0.42523185808967234,91.50889219475775
1.093keV_0.000_0.000_C_1.697cm_9047_ito.npy,35.477316696728906,-1036.0000000000002,0.8479310346167561,89.6901503645641,-67.6280966786385,0.1937018948642078,-0.47567806273320334,100.55567936265827
1.094keV_0.000_0.000_C_0.657cm_2398_ito.npy,11.825772232242969,-1313.0561523437502,0.7809751771223796,86.7002759048757,-83.0868661636162,-0.8492886197344235,0.9227002368081596,89.20044277126183
1.098keV_0.000_0.000_C_1.456cm_5312_ito.npy,159.64792513528013,346.1860961914063,0.6097783918535069,89.92216103580074,21.246532076825975,-0.22502848359013147,-0.7011922077014519,84.68593588506701
1.100keV_0.000_0.000_C_0.606cm_2551_ito.npy,70.95463339345781,-140.3035278320313,0.5393495059821743,89.76016230784303,-11.879943234181095,0.7210051626062359,-0.34271385729052906,78.7917904337758
1.101keV_0.000_0.000_C_1.826cm_5878_ito.npy,141.90926678691562,-270.84918212890625,0.5638492250007041,89.91364543942021,0.9759028514576868,0.6403662440132436,0.24561388042175114,65.42890037819237
1.115keV_0.000_0.000_C_2.019cm_584_ito.npy,35.477316696728906,-1087.6907958984377,0.7160810726962331,88.67145648564961,-72.45173819058706,-0.16253854146345473,-1.1063980616352074,67.60699062335863
1.121keV_0.000_0.000_C_1.365cm_9966_ito.npy,6.4442911859171055,9.302001953125,2.1503293560598027,90.0,0.6527419423023825,0.6808255211726894,-1.103140882178127,0.8981276207763227
1.125keV_0.000_0.000_C_2.227cm_2971_ito.npy,0.0,-1833.5595703125002,0.7765511840967451,89.53477047857231,-117.10468896133085,0.01608913257938413,-1.4902123016389248,82.40630545953351
1.149keV_0.000_0.000_C_0.641cm_419_ito.npy,159.64792513528008,-1142.788024902344,0.7668227534047976,89.45893418690729,-69.95074361966276,-0.4448695791353167,-0.1351450174619453,198.19533086333348
1.154keV_0.000_0.000_C_0.752cm_2619_ito.npy,124.1706084385512,100.80426025390626,0.819143840269235,87.76505304923202,6.72028401692708,-0.08500430941253653,-1.23366514713102,93.68398724206286
1.154keV_0.000_0.000_C_2.377cm_3356_ito.npy,159.64792513528005,466.2115478515626,0.552054359102021,89.404180907096,30.515434873282423,0.2654769974485856,-0.5396455849266593,141.81284546483204
1.170keV_0.000_0.000_C_1.928cm_8818_ito.npy,82.7804056257008,148.04302978515625,0.5610664938114164,88.80687786249878,16.785821801210655,-0.049917193910509666,-0.4381386276281165,134.89441904431868
1.187keV_0.000_0.000_C_1.353cm_4390_ito.npy,141.90926678691565,-283.433044433594,0.738723781030444,89.1791381727082,-20.94354540585804,-0.2807676906943189,-0.4148223842484926,114.24954167947723
1.193keV_0.000_0.000_C_0.602cm_6951_ito.npy,153.73503901915865,-136.3375854492188,0.8736868984838119,88.94613095161851,-8.367979401590064,0.5226921680898886,-0.37419531073824563,94.0647692076084
1.223keV_0.000_0.000_C_1.332cm_1423_ito.npy,153.73503901915862,427.94342041015636,0.7043308268874928,87.96084205401223,28.529561360677103,0.09364904330419277,-1.2663442942381118,112.45382342276261
1.226keV_0.000_0.000_C_2.046cm_5749_ito.npy,82.78040562570081,-886.5552978515626,0.6984193226063877,86.91073381379064,-59.187396883093605,-0.36280341802464083,-0.5040915968258184,84.3041785860876
1.231keV_0.000_0.000_C_1.339cm_9345_ito.npy,11.454256850621086,110.18023681640628,0.6058087578991604,90.0,7.345349121093751,-1.7418914362139357,1.6891929991738062,3.034017140625021
1.246keV_0.000_0.000_C_1.179cm_1787_ito.npy,153.73503901915868,484.0516967773438,0.6394180667798524,89.78812390689762,31.474842737514404,-0.9805477029453762,1.1787612296574048,89.16198348015476
1.259keV_0.000_0.000_C_1.499cm_8826_ito.npy,153.73503901915862,-93.61853027343761,0.6980154001506291,89.47224210070462,-6.040081566959817,-0.16025035914320435,-0.5723329680149898,129.29494636940763
1.265keV_0.000_0.000_C_1.577cm_2500_ito.npy,153.73503901915862,685.3545532226564,0.5660500303510066,88.79574572160767,47.187663261869176,0.7367429958440085,0.30142159096192334,126.6363148962917
1.265keV_0.000_0.000_C_1.661cm_3081_ito.npy,153.73503901915862,1214.3427734375002,0.6638870223211504,89.14407725410082,80.9561848958333,0.22281458311937008,-0.3840451864706327,146.55900766618146
1.266keV_0.000_0.000_C_0.721cm_8970_ito.npy,82.78040562570078,-562.7905883789065,0.7686931477868524,89.10775818272155,-33.62322772226581,-0.30084146190491845,-0.8062690633226239,111.7411708803093
1.269keV_0.000_0.000_C_1.676cm_1817_ito.npy,5.727128425310543,5.667968749999999,1.8551528500596826,90.0,0.6582495646350907,0.23208752271041982,-1.0938615341592786,1.4752591805441784
1.283keV_0.000_0.000_C_0.971cm_5805_ito.npy,118.25772232242964,113.83148193359375,0.4111032122835367,89.01958761255898,13.32156152550795,0.40176973186322035,-0.7240221658949246,130.0070729705417
1.290keV_0.000_0.000_C_0.866cm_4845_ito.npy,147.82215290303708,1063.4111938476567,0.6813436222512049,89.72305860906081,75.28450838098846,-0.23730379770880858,-1.0992915505645957,125.5443573335993
1.295keV_0.000_0.000_C_2.084cm_2032_ito.npy,135.99638067079422,-102.94628906250011,0.4115299753800881,89.83501255844618,2.26938453614868,-0.09519628021719123,-0.39876984491582546,149.55155296313717
1.301keV_0.000_0.000_C_1.528cm_5295_ito.npy,82.7804056257008,-1546.724548339844,0.7841399710371456,87.89416740866864,-71.77607451968109,-0.06203164237159698,-1.2055971011686348,115.94479277902406
1.316keV_0.000_0.000_C_1.885cm_9519_ito.npy,141.9092667869156,464.1461181640626,0.8470445200836119,89.14200813233965,30.94307454427082,-0.16700774211608657,-0.30087161176095023,104.01598904603114
1.330keV_0.000_0.000_C_1.242cm_183_ito.npy,153.73503901915862,158.50469970703125,0.4324161620475188,87.73723216345745,6.561126999911835,0.4433981158788906,-0.31551120049110315,110.26584376196027
1.331keV_0.000_0.000_C_0.851cm_1569_ito.npy,10.023971268913336,52.77502441406251,1.0087088440702843,90.0,3.5183349609375005,-0.889208587525566,-0.9534452257446961,2.173287452949032
1.349keV_0.000_0.000_C_1.695cm_1447_ito.npy,141.90926678691565,-591.4148559570314,0.4861762251787074,88.00504717663415,-32.15709271979022,0.2947350775642795,-0.5397504183756747,146.3323062458286
1.363keV_0.000_0.000_C_1.621cm_8067_ito.npy,0.0,-2018.171264648438,1.1301139356448369,86.86785616034987,-125.02759548175435,-0.5414830783533562,-0.3303679678402456,120.9704142707637
1.365keV_0.000_0.000_C_2.296cm_148_ito.npy,11.454256850621086,9.849975585937498,3.4853828539616782,90.0,0.6566650390625001,0.5737696212509364,-0.7437282849021427,0.4675897130006286
1.386keV_0.000_0.000_C_0.777cm_1098_ito.npy,8.94427190999916,37.25494384765626,0.749964113211354,90.0,2.4836629231770835,0.43724875405090174,-1.3666167575354393,2.412531811859478
1.388keV_0.000_0.000_C_0.745cm_9639_ito.npy,82.7804056257008,8.372619628906307,0.5662380817811292,87.94951788209639,12.796396797465086,0.944097939633046,1.2804977605814996,106.14282545236969
1.391keV_0.000_0.000_C_1.058cm_6439_ito.npy,124.17060843855123,-380.74188232421886,0.8582759219514733,89.4506624714079,-22.56115835228737,-0.3431621933383915,-0.5374948908616273,102.96625557274228
1.400keV_0.000_0.000_C_0.720cm_6386_ito.npy,10.023971268913336,61.979797363281264,0.7926083313789375,90.0,4.131986490885418,-0.7473369180032787,-1.0476923332493504,2.615906225626882
1.400keV_0.000_0.000_C_0.749cm_1624_ito.npy,10.733126291998992,33.160156250000014,1.5343286377236336,90.0,2.2106770833333345,-1.146518048715869,-0.14267420170338063,1.1602085008149974
1.414keV_0.000_0.000_C_0.746cm_3529_ito.npy,118.25772232242971,332.97271728515614,0.7153440730040037,89.61466483942077,54.287809602897525,-0.3980875242540207,-0.7156734008450489,131.63383262856047
1.418keV_0.000_0.000_C_2.227cm_3784_ito.npy,159.64792513528008,1992.0100708007817,0.5022987794641348,89.43529758416068,130.92758757075538,-0.4948584666733901,-0.8867394433604652,86.76304452710238
1.434keV_0.000_0.000_C_1.257cm_2213_ito.npy,159.64792513528016,-278.86322021484375,0.7594114752261553,89.73624628803655,-18.590881347656257,-0.25150287361327656,0.5306594553753547,89.3267505947925
1.438keV_0.000_0.000_C_1.370cm_9454_ito.npy,159.6479251352801,766.127136230469,0.5543491420312104,88.27622141131337,49.819753256614305,-0.5620602558361418,0.5286254792316836,123.58143458405065
1.440keV_0.000_0.000_C_2.198cm_2065_ito.npy,15.379206741571558,106.78723144531251,0.7899536972261769,90.0,7.119148763020834,2.6147091685235053,6.792882473928611,2.1295723712068315
1.450keV_0.000_0.000_C_2.416cm_4836_ito.npy,118.25772232242974,-490.2025146484376,0.4647373017111543,88.75046839934213,-32.555183989442725,-0.08545088882216524,-0.8531249460353632,96.37097914848626
1.451keV_0.000_0.000_C_0.892cm_6978_ito.npy,7.517978451684998,48.73492431640626,0.5814245454687786,83.19293825777513,3.293624090208089,0.35301518550151983,-1.246511614569233,3.3757233735219856
1.462keV_0.000_0.000_C_0.740cm_7423_ito.npy,106.43195009018669,-1026.0454711914062,0.6634384791883032,89.61889300712764,-51.872000365645064,0.6763586028788563,0.23567019290858804,142.79601596471704
1.475keV_0.000_0.000_C_2.165cm_3715_ito.npy,141.90926678691568,1371.3933105468752,0.43593387012794177,89.46840085564652,78.12174862133905,0.6855671977325671,-0.36530464390140205,126.20750948604228
1.476keV_0.000_0.000_C_1.970cm_1126_ito.npy,7.7746025264604,15.509948730468754,1.6451236227628232,81.47620143408334,1.0407267232388855,0.2962894529643503,-1.3413800704078194,1.06767357546224
1.478keV_0.000_0.000_C_0.707cm_115_ito.npy,7.517978451684999,16.659851074218754,1.5659317496854548,83.19293825777513,1.1236598359430714,0.3781695642098927,-1.2040267890161906,1.2096021041673954
1.480keV_0.000_0.000_C_2.469cm_1861_ito.npy,147.82215290303708,252.819580078125,0.49448956410050815,87.55382767169057,14.019743301726209,0.6740642842142531,-0.1760897528339127,134.19401491190897
1.484keV_0.000_0.000_C_1.030cm_3488_ito.npy,0.0,-29.792480468750004,4.240148253533147,17.744671625056924,-1.9861653645833335,-0.5691977509778688,-1.3301935661203186,2.302056376368304
1.498keV_0.000_0.000_C_0.746cm_5030_ito.npy,135.99638067079417,-314.7129516601563,1.0942855226779158,89.39482897727284,-24.998563204280778,-0.4301260760437178,-0.982404928064911,77.92473857742745
1.504keV_0.000_0.000_C_1.628cm_3220_ito.npy,159.6479251352801,180.79302978515628,0.7284280685946098,87.92797206237375,12.433837451247113,0.2660985689190247,-0.1963612713000349,88.86155897550005
1.517keV_0.000_0.000_C_2.386cm_2873_ito.npy,10.733126291998992,28.905029296875004,1.3534964522360897,90.0,1.9270019531250002,0.2498127409688235,-1.2532006235386888,1.4660349432833282
1.533keV_0.000_0.000_C_2.121cm_2387_ito.npy,0.0,-25.680053710937504,8.491480046140873,0.0,-1.7120035807291671,-0.4083817894671284,-1.8330426676702953,2.0968133185712814
1.538keV_0.000_0.000_C_2.190cm_5114_ito.npy,11.454256850621086,35.32482910156251,1.7665681570332301,90.0,2.3549886067708337,-1.7011110897930493,1.7233963298951211,0.9739307350270733
1.540keV_0.000_0.000_C_1.925cm_1076_ito.npy,159.64792513528016,772.8025512695315,0.5586243290351861,89.39868734841409,44.9160252749767,-0.9910189741816231,0.10858961999696959,151.9623930062825
1.571keV_0.000_0.000_C_0.653cm_8306_ito.npy,0.0,-17.12994384765625,8.457326578296659,15.572631573083322,-1.141996256510417,-0.2643508350332167,-1.588315174474851,1.1165492062619078
1.574keV_0.000_0.000_C_1.313cm_4592_ito.npy,17.076299364909254,73.94000244140625,0.87206549242247,89.19121826899594,4.929333496093751,0.5328710906680676,-0.36877168819557715,3.2024812256627877
1.585keV_0.000_0.000_C_1.758cm_9302_ito.npy,159.64792513528005,341.6492309570313,0.6977533748966498,89.41811798434533,24.54930951065975,-0.010734585091853188,-1.3659810152312994,113.36251587835675
1.586keV_0.000_0.000_C_1.152cm_3832_ito.npy,153.73503901915856,-601.2049560546877,0.7565867687680405,86.69545226189213,-38.39331853570696,-0.4144997811341248,0.08571340902856939,133.70859837202968
1.591keV_0.000_0.000_C_1.824cm_9724_ito.npy,0.0,-16.377441406250004,2.77177844942382,0.0,-1.0918294270833335,-0.4150578981827775,-1.8185107909838603,1.3387039614788934
1.591keV_0.000_0.000_C_2.121cm_2833_ito.npy,0.0,-29.836120605468757,2.84367561639946,0.0,-1.9890747070312507,-1.2632723503020327,0.5020081535690424,3.0398592890176808
1.607keV_0.000_0.000_C_2.090cm_5221_ito.npy,106.43195009018676,-226.94006347656259,0.4438667873250113,88.86248606489144,-18.52817422751883,0.4092737253770649,-0.24017540821559402,116.31300907563127
1.609keV_0.000_0.000_C_0.876cm_7431_ito.npy,1.670661878152222,-22.305541992187504,12.164714066528001,29.51812173396324,-1.177539815604466,-0.7805658963096243,-1.2089618767217105,1.585177745449059
1.625keV_0.000_0.000_C_1.033cm_1858_ito.npy,0.0,-50.985290527343764,10.896815159044019,0.0,-3.3990193684895837,-1.2633504324407807,0.5035015779907894,5.194300752244697
1.628keV_0.000_0.000_C_1.815cm_3128_ito.npy,0.0,-26.074890136718757,71.02632453457127,0.0,-1.7383260091145838,-0.47564881816924,-1.6867444553433515,2.153130809983087
1.630keV_0.000_0.000_C_1.546cm_4478_ito.npy,11.454256850621086,56.339904785156264,0.8658383307586883,90.0,3.755993652343751,-0.6356863005362269,0.005613290869875609,1.835018358586341
1.673keV_0.000_0.000_C_2.038cm_5161_ito.npy,7.974403495629697,46.86492919921876,0.3725295448834377,90.0,4.697873777499984,0.16822956546225892,-1.3669588251616553,7.366911383097652
1.725keV_0.000_0.000_C_2.088cm_833_ito.npy,141.9092667869157,1214.640380859375,0.3377102087656673,88.69303653045887,91.64569465502979,1.0545180481085017,0.3838721418819997,127.4755240025962
1.731keV_0.000_0.000_C_1.596cm_4006_ito.npy,6.260990336999411,5.663391113281252,2.032437916317963,61.959151339293,0.426922716802093,0.1855549034310594,-1.280872790786614,0.8846835354407719
1.755keV_0.000_0.000_C_2.236cm_2716_ito.npy,141.90926678691568,704.8565673828127,0.5298271334751656,89.56747110966813,53.718504101507484,0.7439182951069384,-0.1488327373981071,192.0928018744923
1.786keV_0.000_0.000_C_0.846cm_1942_ito.npy,130.08349455467265,-204.23583984375,0.6684887923299506,88.59769204684349,22.08932807797199,-0.4623567270673448,-0.26165189965934177,106.12813871554815
1.791keV_0.000_0.000_C_1.183cm_1736_ito.npy,8.123491312921505,7.250305175781251,2.973046688500263,85.43313003825256,0.6045063474616529,-0.3439458693866521,-1.2999669003745256,0.8174531602749663
1.813keV_0.000_0.000_C_0.874cm_5139_ito.npy,10.15436414115188,43.240173339843764,1.0511141469841798,90.0,2.882678222656251,0.4271493314532312,-0.7710191678930745,2.7789492335477153
1.815keV_0.000_0.000_C_1.954cm_8964_ito.npy,159.64792513528008,746.231872558594,0.32921924861396834,88.95622722362081,51.418033225670904,-0.47165804397166455,0.4567136883712113,173.42995423178886
1.827keV_0.000_0.000_C_0.684cm_8572_ito.npy,135.99638067079414,320.51336669921875,0.5481846533796553,89.53319958086905,32.15012106010848,-0.2280281524391802,-0.43421742631183147,149.5198377400042
1.831keV_0.000_0.000_C_1.841cm_3887_ito.npy,12.185236969382254,87.14489746093751,0.49906661381492756,90.0,5.809659830729169,0.15124275545023358,-1.4881146884948027,4.095674682382749
1.844keV_0.000_0.000_C_1.326cm_9528_ito.npy,7.636171233747389,7.779785156249998,2.8166953376494366,76.9474240514462,0.5441773282932336,0.4990791466964977,-1.2553864155647012,0.7108502280110861
1.874keV_0.000_0.000_C_1.179cm_6630_ito.npy,0.0,-60.02514648437501,4.89063165009782,0.0,-4.001676432291668,-1.2645279532074079,0.5024884467603852,6.118561230740501
1.888keV_0.000_0.000_C_0.977cm_1729_ito.npy,118.25772232242971,-762.8953857421876,0.6653362793266979,87.63809912770883,-50.790606371957516,0.015140394089864902,-0.8733474925573534,172.0405798816019
1.915keV_0.000_0.000_C_0.811cm_4950_ito.npy,12.185236969382254,53.27502441406251,0.7843140122516034,90.0,3.5516682942708346,0.1655673181045239,-1.670671008523208,2.8160467886526113
1.929keV_0.000_0.000_C_2.189cm_3612_ito.npy,8.94427190999916,27.789978027343757,1.1217812658664592,90.0,1.852665201822917,0.1741440981141729,-1.4372376012674333,1.5987255108811738
1.931keV_0.000_0.000_C_0.963cm_6819_ito.npy,159.64792513528013,211.6659545898438,0.7970690033667378,89.5784130422348,12.397250996836089,-0.12418613451238623,-1.078738519205088,108.14562019236068
1.934keV_0.000_0.000_C_1.487cm_4942_ito.npy,10.49973544640266,44.44024658203125,0.7777897294372073,83.44654564782293,2.96268310546875,0.21305622688282136,-1.3206547158110755,2.50692042008605
1.940keV_0.000_0.000_C_1.927cm_7411_ito.npy,159.64792513528008,-959.7313232421876,0.7431924931064259,89.7367638171879,-63.98208821614584,0.8552177877403884,-0.08131870598233126,127.7113505088326
1.948keV_0.000_0.000_C_1.495cm_5643_ito.npy,2.863564212655273,-4.905456542968749,1.5155585018594344,25.191398957563678,-0.3270304361979168,0.09574177430949705,-1.040615314709926,1.5813228635610102
1.954keV_0.000_0.000_C_2.417cm_3580_ito.npy,1.7888543819998333,-5.256164550781249,1.3448376710358318,15.151340360244049,-0.3504109700520832,-0.17860788552549553,-0.17063710676737553,1.51693125971822
1.958keV_0.000_0.000_C_2.105cm_6077_ito.npy,11.454256850621086,49.85998535156251,1.1471237601656388,90.0,3.3239990234375005,-1.0393419297687085,0.31784513822491833,1.5307050651143015
1.962keV_0.000_0.000_C_2.417cm_6905_ito.npy,16.224980739587952,94.01513671875001,0.761791691036963,90.0,6.267675781250001,0.6082524673502187,0.5067448948459652,3.4621319811525395
1.967keV_0.000_0.000_C_0.563cm_7589_ito.npy,10.023971268913336,77.17004394531251,0.8006998614864125,90.0,5.144669596354168,-1.0463880571990085,-0.891422378510732,3.106389846967258
1.985keV_0.000_0.000_C_2.278cm_4486_ito.npy,15.379206741571558,80.30505371093751,0.8449406898980266,90.0,5.353670247395835,0.795095552472374,-0.014610678828216095,1.6678682459080425
1.992keV_0.000_0.000_C_2.241cm_6768_ito.npy,6.933333333333334,10.830139160156254,1.49320493768216,84.60785106621871,0.8760338064267913,0.2294413253351987,-1.431469078653813,1.148815003109222
10.040keV_0.000_0.000_C_0.622cm_3578_ito.npy,0.0,-78.53991699218753,2.937087436601907,65.74172625183226,-1.9884765521139462,-1.2958152949668431,0.902464738527617,2.289517375804252
10.059keV_0.000_0.000_C_1.531cm_9689_ito.npy,21.91643219139466,99.95269775390625,1.031840258747269,90.0,6.663513183593752,0.06424255226942518,-1.5149633492369405,2.688488576830333
10.066keV_0.000_0.000_C_0.953cm_8215_ito.npy,14.171018939292173,30.6986083984375,1.1084257476241413,87.76974306547977,2.8001480730491095,-0.3408079789229413,-0.5789823546735864,5.511884557951948
10.067keV_0.000_0.000_C_2.294cm_7593_ito.npy,17.166893202388792,22.282348632812507,2.170274285830247,82.25386310607288,1.6044464182015943,-0.7633301390804346,-0.7347738381888615,1.5996457377782338
10.072keV_0.000_0.000_C_0.604cm_9077_ito.npy,15.796483434261205,20.33905029296875,2.205613412265125,82.30668605281979,1.465661511757175,-0.22139548534459463,-0.8149134131453422,2.2057861883002867
10.073keV_0.000_0.000_C_1.110cm_6191_ito.npy,9.3637599285757,5.749389648437507,0.8829268475090537,90.0,2.574476035119026,0.3169817473048963,-0.5734409245506864,7.006837356291206
10.078keV_0.000_0.000_C_1.341cm_699_ito.npy,19.48127305901748,110.25787353515628,0.8579057620795132,87.02815744836785,7.350524902343751,-0.004090111152424291,-1.241874523843772,5.318057381232021
10.084keV_0.000_0.000_C_1.724cm_9032_ito.npy,8.544003745317532,-29.439697265625007,4.719827329628837,81.08410626085525,-1.0059593842713523,-0.8896525920821081,-0.588970862919941,3.7785624823289026
10.105keV_0.000_0.000_C_2.001cm_778_ito.npy,21.91643219139466,77.35949707031251,1.4021324924382526,90.0,5.157299804687502,0.2642895697762018,-1.3355271159687245,2.6535421237361434
10.117keV_0.000_0.000_C_1.014cm_3163_ito.npy,12.399641571880661,23.476257324218743,0.6505637025231854,83.08407181374514,3.856632144295162,-0.38435396739049565,-0.6184577198826293,11.645457388238626
10.120keV_0.000_0.000_C_1.831cm_2408_ito.npy,21.104712480602263,-0.58984375,1.0086685101167125,90.0,-0.03932291666666631,0.51389547751347,-0.2869498249612987,6.7708941330656245
10.143keV_0.000_0.000_C_2.453cm_5880_ito.npy,14.610954794263115,55.78369140625001,1.1287350521517112,83.55817698589053,4.2084296239944186,-0.06903904518318758,-1.2727295603544184,4.815204153745791
10.167keV_0.000_0.000_C_1.992cm_2803_ito.npy,6.746192341692545,-15.614868164062504,3.301023007156502,89.563601063122,-0.9286911728791792,-0.15458703637921262,-1.1250269815912077,1.5815484603945271
10.174keV_0.000_0.000_C_1.241cm_204_ito.npy,0.0,-52.76879882812501,1.1125464206255318,0.0,-3.5179199218750004,-1.0418975663375714,-0.65050408245048,5.315208107880712
10.205keV_0.000_0.000_C_1.076cm_4073_ito.npy,21.104712480602252,61.38433837890625,0.8252902297591364,83.78353387189931,4.030730875361808,0.9075216360035611,-0.30918446655063647,4.056512929709346
10.213keV_0.000_0.000_C_1.615cm_617_ito.npy,0.0,-121.63262939453126,0.7006120173629324,10.61519854319186,-8.108841959635416,-0.5149487005384913,-1.4479469342362392,9.998014589261386
10.264keV_0.000_0.000_C_2.070cm_1084_ito.npy,20.581815058714124,41.21752929687503,0.86000280683694,89.70500619961392,2.747835286458334,0.1717461408570635,-1.0297834723238548,5.414623132698461
10.293keV_0.000_0.000_C_1.661cm_2438_ito.npy,16.465452046971283,97.36981201171878,0.7557500697735,88.72249457844244,7.436349294488908,-0.6452106307977327,-0.566937151457672,7.660364255041152
10.324keV_0.000_0.000_C_2.328cm_4324_ito.npy,14.981470036162818,64.16455078125001,1.1280070334004861,90.0,5.057837504114635,-0.272961736380833,-0.9953106204007525,5.154974582041144
10.357keV_0.000_0.000_C_1.029cm_3942_ito.npy,15.379206741571556,35.446655273437514,0.8777690079296339,87.98852119814212,5.138749362299718,-1.1989672032981744,0.9940720257971565,8.810819024898471
10.358keV_0.000_0.000_C_2.162cm_2443_ito.npy,22.748968230571595,14.430847167968745,1.7548221476945909,89.52638673410287,0.9620564778645829,0.6241181805555872,0.10895383450666074,2.0241802631782653
10.366keV_0.000_0.000_C_1.864cm_2926_ito.npy,18.727519857151403,187.16003417968753,0.4681487908554896,87.34592041390773,12.477335611979168,0.072955531378316,-0.9712824538919471,8.644141684264278
10.369keV_0.000_0.000_C_1.136cm_7495_ito.npy,0.0,-83.1832275390625,98.29164617442846,8.177908550508617,-5.545548502604167,-0.75105418875256,-1.209141595743234,6.9606109002971195
10.371keV_0.000_0.000_C_1.072cm_8633_ito.npy,12.987515372678317,-10.729797363281257,1.1407295283706922,88.90689864644776,1.4420588700360646,-0.9578993243319099,1.0583792000519994,6.4521111235707265
10.442keV_0.000_0.000_C_0.795cm_6923_ito.npy,12.98751537267832,-16.11602783203125,2.4502024456632983,73.94140688246898,-0.18627829689028258,-1.1200071260268218,0.6595983564972108,3.6986892166852265
10.463keV_0.000_0.000_C_0.638cm_5096_ito.npy,12.399641571880661,-12.932006835937493,2.11799041078879,86.21394825782534,1.009553620371171,-0.7929425844489532,-0.05233094027096152,3.669298380077219
10.464keV_0.000_0.000_C_1.924cm_7765_ito.npy,22.14221709264404,80.031982421875,0.721594522381535,89.34960675910803,5.335465494791667,0.873230564130037,-0.2497717415777334,7.342107626422329
10.474keV_0.000_0.000_C_1.755cm_9878_ito.npy,0.0,-91.40527343750003,35.41897003274001,18.434948822921974,-6.093684895833336,-0.5059756172490613,-1.1260315467846238,6.27769908229313
10.488keV_0.000_0.000_C_1.236cm_6316_ito.npy,5.3141321022345736,-68.58654785156253,1.382120133261686,81.75793063541978,-4.174931234395394,-0.005222427795209394,-1.296593170163114,6.344020416850055
10.497keV_0.000_0.000_C_1.581cm_131_ito.npy,10.119288512538807,10.36944580078125,0.9517865384434371,83.94307852721784,2.1856007260970434,0.2621125217808592,-0.9671410949393087,6.449421312407297
10.501keV_0.000_0.000_C_0.846cm_4975_ito.npy,17.63052907758458,7.966186523437506,2.188556870732406,88.409477156483,1.118693529151371,0.055923295358985166,-0.009941163442739764,2.0904777566867545
10.522keV_0.000_0.000_C_2.447cm_6282_ito.npy,12.485013238100938,46.449951171875,1.1647727512019455,87.68198982276697,4.005178460993074,-0.02829394954776981,-1.0726342278427605,5.490969127770073
10.528keV_0.000_0.000_C_1.778cm_9094_ito.npy,8.432740427115675,-66.64752197265628,1.2153065310713045,78.12182942392046,0.2038514011946667,-0.19844133185335955,-0.4336125395275121,5.967002045751299
10.552keV_0.000_0.000_C_1.618cm_8333_ito.npy,17.950549357115015,72.30767822265625,0.5143676084661355,89.53668441855899,4.820511881510416,1.4131192228768799,1.1968068088940331,7.278839480357838
10.555keV_0.000_0.000_C_1.554cm_7915_ito.npy,8.749603165604453,-65.02526855468751,1.2609227971877637,77.47119229084852,-0.5470243768257106,-0.5189805826178379,-0.520639752576979,7.662343372350213
10.603keV_0.000_0.000_C_0.805cm_1923_ito.npy,14.360439485692005,142.41485595703128,0.5405469089254789,88.36464890861097,9.729984931424855,-0.12346646444280195,-1.3725516796555182,8.297650201155847
10.623keV_0.000_0.000_C_2.232cm_5289_ito.npy,21.392755783208482,288.7813720703126,0.5617435954866523,90.0,19.25209147135417,0.15807486576706103,-1.8509055197111393,7.107623155444236
10.629keV_0.000_0.000_C_1.556cm_4360_ito.npy,19.507833184532707,63.7611083984375,1.5070211127432056,85.96068195847407,4.250740559895833,0.30378267849228696,-0.6585095394083296,2.3873373981876127
10.648keV_0.000_0.000_C_1.779cm_7516_ito.npy,14.818906842274158,107.22521972656253,0.5782917328022852,87.29697255591488,7.571848492566298,-0.03206956892950642,-1.3613230399063716,7.870397104958033
10.721keV_0.000_0.000_C_2.457cm_2742_ito.npy,21.068459839295326,76.6201171875,1.6931678635056648,90.0,5.1080078125,0.2080388884399217,-1.1765341964112057,2.2668285497755534
10.736keV_0.000_0.000_C_1.521cm_5017_ito.npy,1.5606266547626149,-53.262512207031264,1.9265980518184789,14.705672195791367,-3.550834147135418,-0.7695503205756314,-1.070239623798221,4.723532409694703
10.760keV_0.000_0.000_C_0.811cm_1280_ito.npy,21.91643219139466,266.32275390625006,0.5045041077795079,90.0,17.754850260416667,0.3183131087798789,-1.2405737943973474,8.321895250297308
10.761keV_0.000_0.000_C_2.260cm_533_ito.npy,23.623928547132046,202.19982910156253,0.593870612870077,89.54100974413751,13.479988606770835,0.0527351704128245,-0.538103487669439,7.149532898296701
10.763keV_0.000_0.000_C_1.622cm_7880_ito.npy,21.104712480602263,41.74139404296876,0.7714467572644257,88.73038720431475,2.713840987728828,0.8789103311162846,-0.286207866445773,5.87257487978533
10.776keV_0.000_0.000_C_1.118cm_3401_ito.npy,7.085509469646091,-141.08282470703125,2.9817583724048173,85.69038932296506,-1.816814587582204,-2.0842735677358313,3.4541850535546637,5.063702243199971
10.777keV_0.000_0.000_C_1.038cm_1396_ito.npy,0.0,-207.03936767578128,12.137125698071047,18.434948822921996,-13.802624511718756,-0.7077761611336748,-1.089528554158372,16.02846861251175
10.796keV_0.000_0.000_C_0.674cm_7081_ito.npy,21.916432191394666,88.04388427734378,0.7932036227076346,89.15475127999214,5.869592285156252,0.7432763430463497,-0.6175819059735876,5.351789914953135
10.802keV_0.000_0.000_C_1.381cm_5507_ito.npy,11.525816432879902,40.19842529296875,0.49998753747290353,69.07081298147565,4.351637891895496,0.4886342353966537,-0.8837024966605163,9.27628496744963
10.812keV_0.000_0.000_C_0.816cm_1819_ito.npy,21.10471248060227,162.22015380859378,0.5148293445735139,87.02815744836785,10.814676920572918,0.47731025775807123,-0.9607646469395772,8.933249225452002
10.815keV_0.000_0.000_C_0.528cm_4374_ito.npy,21.91643219139466,82.15045166015626,0.6090954105808746,89.98556820332301,5.47669677734375,0.5501457251175227,-0.5169139215592828,7.055612447889606
10.823keV_0.000_0.000_C_0.634cm_3187_ito.npy,6.493757686339158,-26.031066894531257,5.9157649020812455,63.14052964969516,-0.9669945855766374,-1.0296735717433716,-0.22455388525027908,2.6544005918971014
10.861keV_0.000_0.000_C_0.664cm_9932_ito.npy,0.0,-78.1810302734375,5.959900586586657,9.304198333495007,-5.212068684895835,-0.9504507956888552,-0.7171714701179481,6.83083123180066
10.885keV_0.000_0.000_C_2.094cm_5429_ito.npy,21.91643219139466,145.49822998046878,0.7634347260756634,90.0,9.699881998697919,0.3053249744633113,-1.3187656297215822,4.1230920895443885
10.921keV_0.000_0.000_C_1.633cm_8117_ito.npy,22.214409737825573,69.83557128906251,1.172153228867929,84.12978464684439,4.638564662743642,0.23339763228489493,-1.501304180755111,4.196221532449674
10.927keV_0.000_0.000_C_0.859cm_9970_ito.npy,0.0,-105.96978759765628,3.363056241445724,89.57833351636384,-4.364713360287719,-0.936176630190555,-0.5515207894611529,5.042142247974728
10.950keV_0.000_0.000_C_1.695cm_8885_ito.npy,22.22836026341124,94.93389892578128,1.428966962403366,90.0,6.328926595052083,0.1427571120111156,-0.868612020973011,2.1872263644068255
10.962keV_0.000_0.000_C_1.932cm_9400_ito.npy,0.0,-113.30181884765628,4.168717617988923,80.93626949582789,-3.4326041096888527,-0.020013538961059705,-1.739563915125172,3.1118173038890773
100.033keV_0.000_0.000_C_1.166cm_9825_ito.npy,24.37712953660551,136.86437988281253,0.7880619398309707,86.0287801908067,9.26307667461364,-0.583978608809119,-1.189962783604771,6.470193548122311
100.055keV_0.000_0.000_C_1.540cm_5106_ito.npy,36.469439260838676,60.3104248046875,0.8860640249214157,89.4339645223694,3.617158693906536,-0.6002178707980276,-0.8334907047376352,10.423942637086075
100.057keV_0.000_0.000_C_2.425cm_9282_ito.npy,34.494782214126225,32.43658447265625,0.937692620062576,89.10270055710507,2.162438964843751,1.4263739893918002,1.6926206157121122,5.016267537305153
100.067keV_0.000_0.000_C_2.273cm_3201_ito.npy,20.956674884681057,34.61486816406249,0.8741008962510721,87.49104180752204,4.906135217656141,-0.09445420833131211,-1.0023046555951958,8.44579899264615
100.301keV_0.000_0.000_C_0.594cm_7450_ito.npy,0.0,-258.4384155273438,5.569191095730502,7.57461586346849,-17.229227701822925,-0.924053622651367,-0.8982683417855495,24.635155734525952
100.382keV_0.000_0.000_C_1.504cm_5360_ito.npy,37.627708466560186,39.57312011718751,2.09492224307074,89.152887629856,2.6382080078125005,-0.4332823713169993,-0.7434264213621296,6.152530875276676
100.468keV_0.000_0.000_C_1.186cm_3444_ito.npy,0.0,-72.38061523437501,1.254789790462541,81.13690461726752,-4.7726404489104475,-0.5286974013112525,-0.8647539345078901,3.691129278678276
100.475keV_0.000_0.000_C_2.091cm_5415_ito.npy,7.147027354082255,-91.92999267578128,1.7944321035300201,89.8712507872638,-6.367651835412728,-0.46865635946645834,-0.7806928750462894,12.850325782933156
100.508keV_0.000_0.000_C_1.237cm_1459_ito.npy,25.733678754158372,36.03076171875,2.323636980758096,87.58307257332149,3.308886423172792,-1.0013347721108525,0.05275048303148244,5.034097878935248
100.513keV_0.000_0.000_C_1.670cm_6043_ito.npy,0.0,-206.51068115234375,1.302787112379213,21.5816852999271,-13.767378743489587,-0.9859063961689188,-0.5793118719088457,18.00142326186693
100.644keV_0.000_0.000_C_1.391cm_1553_ito.npy,30.758413483143116,185.22363281250006,0.647462536739513,87.80803646718866,12.348242187500006,0.9244038540575611,-0.17299276667357555,11.224573413717938
100.734keV_0.000_0.000_C_1.361cm_9679_ito.npy,2.302655471889409,-287.37738037109386,2.1336848745026207,38.26824714126835,-14.205442616522959,-0.8034150502280172,-1.0465973374126623,19.930257770901704
100.758keV_0.000_0.000_C_1.748cm_1200_ito.npy,0.0,-472.27069091796886,1.9374428522025646,4.426187533556799,-31.484712727864583,-1.2737731241524384,0.04616642444235186,50.130531363708876
100.915keV_0.000_0.000_C_1.582cm_955_ito.npy,20.14789760192803,-55.029541015625,1.7466211924188133,89.12555864376368,-0.9730798090819842,-1.2289113425294187,0.5442172776049308,13.857097165471187
100.975keV_0.000_0.000_C_1.679cm_9469_ito.npy,28.30704662957422,81.61395263671878,1.35937044368982,88.9217501643571,5.440930175781252,0.49069783292290936,-0.9677759204154288,6.261313021062754
101.014keV_0.000_0.000_C_2.062cm_8355_ito.npy,12.935395024677234,-177.7107543945313,1.5059733550297125,72.03421983694989,-7.134467948175959,-0.9696983630659076,-0.4501462991658456,17.91074076504887
101.132keV_0.000_0.000_C_2.102cm_2420_ito.npy,0.0,-397.1873168945313,2.6192853840626835,89.98057539444623,-23.644155855245916,-0.3927103616413945,-1.09396969074295,18.76749258243855
101.157keV_0.000_0.000_C_0.666cm_4353_ito.npy,28.831233064161523,204.2706298828125,0.4915730400276391,86.9461470169091,17.647655122491496,-0.1231191201545019,-1.0616841338084002,21.310654415296586
101.177keV_0.000_0.000_C_1.943cm_8819_ito.npy,15.512718796021684,-88.72302246093753,0.6289098466519258,76.96773849089247,-0.1943408768765683,-1.258036636796649,1.3604666529748837,10.58259623673113
101.186keV_0.000_0.000_C_1.655cm_1775_ito.npy,20.871032557111306,85.51458740234378,0.5910737450186776,86.03296654847325,8.003766494304173,0.34643880501261964,-1.0501355429399795,13.07282274435099
101.191keV_0.000_0.000_C_1.892cm_5321_ito.npy,28.9443911281232,-122.86773681640628,2.7408496046665407,88.2062893001897,-4.6837618741876215,-0.6601096323592451,-0.8029305387388281,5.80256022781097
101.337keV_0.000_0.000_C_0.741cm_3579_ito.npy,32.76049450176233,158.44189453125003,1.0947041143818772,90.0,10.562792968750001,0.5176967575351508,-1.0170397950156413,6.197642250363381
101.372keV_0.000_0.000_C_1.093cm_7117_ito.npy,11.577756451249279,-118.57287597656251,1.4265624775519934,81.7515553665894,2.7230831502223527,0.5975102247609869,-0.15968875885096878,8.640650353240563
